year;IPCA
2000;5.974593342
2001;7.673436414
2002;12.53027336
2003;9.3005128
2004;7.599495849
2005;5.689226819
2006;3.141516132
2007;4.457658553
2008;5.902724391
2009;4.311650063
2010;5.908688722
2011;6.503352744
2012;5.838594718
2013;5.910683255
2014;6.407470796
2015;10.67302813
2016;6.287988213
2017;2.94742132
2018;3.74558117
2019;4.306151617
