year,index
2000,0.3164268596423232
2001,0.3407076735137939
2002,0.3833992763635685
2003,0.4190573751368696
2004,0.4509036229653243
2005,0.4765565528109102
2006,0.491527653795568
2007,0.5134382782953464
2008,0.5437451247810162
2009,0.5671895117961964
2010,0.6007029745120651
2011,0.6397688078882852
2012,0.677122315713062
2013,0.7171448710437822
2014,0.7630957192209243
2015,0.8445411399921994
2016,0.8976457873288448
2017,0.9241031906426571
2018,0.9587162257427376
2019,1.0
